﻿{
  "ProviderId": "Microsoft.VisualStudio.ConnectedService.Wcf",
  "Version": "15.0.40203.910",
  "GettingStartedDocument": {
    "Uri": "https://go.microsoft.com/fwlink/?linkid=858517"
  },
  "ExtendedData": {
    "inputs": [
      "http://expensemanagerservice.azurewebsites.net/ReceiptService/ReceiptService.svc?wsdl"
    ],
    "collectionTypes": [
      "System.Collections.Generic.Dictionary`2",
      "System.Collections.Generic.List`1"
    ],
    "namespaceMappings": [
      "*, ReceiptServiceReference"
    ],
    "references": [
      "Microsoft.Bcl.AsyncInterfaces, {Microsoft.Bcl.AsyncInterfaces, 1.1.1}",
      "Microsoft.Bcl.HashCode, {Microsoft.Bcl.HashCode, 1.1.0}",
      "Microsoft.EntityFrameworkCore, {Microsoft.EntityFrameworkCore, 3.1.8}",
      "Microsoft.EntityFrameworkCore.Abstractions, {Microsoft.EntityFrameworkCore.Abstractions, 3.1.8}",
      "Microsoft.Extensions.Caching.Abstractions, {Microsoft.Extensions.Caching.Abstractions, 3.1.8}",
      "Microsoft.Extensions.Caching.Memory, {Microsoft.Extensions.Caching.Memory, 3.1.8}",
      "Microsoft.Extensions.Configuration, {Microsoft.Extensions.Configuration, 3.1.8}",
      "Microsoft.Extensions.Configuration.Abstractions, {Microsoft.Extensions.Configuration.Abstractions, 3.1.8}",
      "Microsoft.Extensions.Configuration.Binder, {Microsoft.Extensions.Configuration.Binder, 3.1.8}",
      "Microsoft.Extensions.DependencyInjection, {Microsoft.Extensions.DependencyInjection, 3.1.8}",
      "Microsoft.Extensions.DependencyInjection.Abstractions, {Microsoft.Extensions.DependencyInjection.Abstractions, 3.1.8}",
      "Microsoft.Extensions.Logging, {Microsoft.Extensions.Logging, 3.1.8}",
      "Microsoft.Extensions.Logging.Abstractions, {Microsoft.Extensions.Logging.Abstractions, 3.1.8}",
      "Microsoft.Extensions.Options, {Microsoft.Extensions.Options, 3.1.8}",
      "Microsoft.Extensions.Primitives, {Microsoft.Extensions.Primitives, 3.1.8}",
      "Plugin.Media, {Xam.Plugin.Media, 5.0.1}",
      "System.Buffers, {System.Buffers, 4.5.1}",
      "System.Collections.Immutable, {System.Collections.Immutable, 1.7.1}",
      "System.ComponentModel.Annotations, {System.ComponentModel.Annotations, 4.7.0}",
      "System.Diagnostics.DiagnosticSource, {System.Diagnostics.DiagnosticSource, 4.7.1}",
      "System.Memory, {System.Memory, 4.5.4}",
      "System.Numerics.Vectors, {System.Numerics.Vectors, 4.5.0}",
      "System.Runtime.CompilerServices.Unsafe, {System.Runtime.CompilerServices.Unsafe, 4.7.1}",
      "System.ServiceModel, {System.ServiceModel.Primitives, 4.4.4}",
      "System.ServiceModel.Duplex, {System.ServiceModel.Duplex, 4.4.4}",
      "System.ServiceModel.Http, {System.ServiceModel.Http, 4.4.4}",
      "System.ServiceModel.NetTcp, {System.ServiceModel.NetTcp, 4.4.4}",
      "System.ServiceModel.Primitives, {System.ServiceModel.Primitives, 4.4.4}",
      "System.ServiceModel.Security, {System.ServiceModel.Security, 4.4.4}",
      "System.Threading.Tasks.Extensions, {System.Threading.Tasks.Extensions, 4.5.4}",
      "Xamarin.Essentials, {Xamarin.Essentials, 1.5.3.2}",
      "Xamarin.Forms.Core, {Xamarin.Forms, 4.3.0.908675}",
      "Xamarin.Forms.Platform, {Xamarin.Forms, 4.3.0.908675}",
      "Xamarin.Forms.Xaml, {Xamarin.Forms, 4.3.0.908675}"
    ],
    "sync": true,
    "targetFramework": "netstandard2.0",
    "typeReuseMode": "All"
  }
}